MapID,Area Name,One-family dwellings,Two-family dwellings,Three-family dwellings,4-6 family dwellings,Over 6 family dwellings,Misc. walkups,Elevator apartments,Old-law Tenements,Cooperatives,Condominium buildings,Multi-use residences,Warehouses,Heavy manufacture,Light manufacture,Other industrial,Garages & gas stations,Hotels,Hospitals,Health centers & clinics,Nursing homes,Misc. health facilities,Theatres,1- and 2-story store bldgs,Department stores,Shopping centers,Misc. store buildings,Loft buildings,Religious buildings,Asylums and homes,Office buildings,Places of public assembly,Outdoor rec facilities,Transportation facilities,Utility properties,Vacant land,Schools,Government installations,Miscellaneous
,Bronx,21895,29333,11135,2510,4080,116,2203,831,271,47,212,2842,37,37,71,72,35,4,2017,8,20,567,9,819,173,562,146,562,167,1859,16,248,3870,450,193,210,476,412
,Brooklyn,60547,95657,35603,17338,8404,476,2535,2834,562,171,1206,5494,98,34,168,112,94,45,3510,16,39,2502,81,2189,193,1673,328,750,3268,18226,51,452,6954,1050,332,438,1835,1303
,Manhattan,1994,1815,1482,1379,6811,2165,3655,183,9,12,28,866,536,57,94,46,67,114,894,18,2,1554,726,918,125,2265,213,318,2232,2602,104,147,1156,610,193,2352,3443,118
,Queens,154004,91041,23409,7755,2554,317,1269,2095,891,60,695,4809,140,31,75,106,46,19,3623,6,75,2273,11,1449,102,1687,292,672,863,9009,25,746,7775,593,299,40,986,604
,Staten Island,74859,28183,848,509,127,112,61,336,19,18,50,1054,14,8,20,35,25,3,931,7,96,452,0,245,34,775,86,935,191,1187,48,278,6295,182,125,4,30,269
,New York City,313299,246029,72477,29491,21976,3186,9723,6279,1752,308,2191,15065,825,167,428,371,267,185,10975,55,232,7348,827,5620,627,6962,1065,3237,6721,32883,244,1871,26050,2885,1142,3044,6770,2706
10001,10001 - Fur-Flower District,5,2,5,8,29,20,56,13,0,3,0,64,43,0,2,0,0,2,47,1,0,147,122,18,2,188,3,5,47,48,4,22,45,9,9,36,47,3
10002,10002 - Chinatown/Lower East Side,8,5,4,17,531,1,109,11,0,0,4,43,24,3,4,4,3,2,90,0,0,126,82,62,9,41,9,44,83,124,12,2,47,23,9,110,59,5
10003,10003 - Cooper Square/Union Square,56,61,33,64,399,83,133,3,0,0,0,21,35,7,14,6,6,17,33,0,0,56,31,44,11,99,16,9,113,170,0,3,12,51,7,104,182,3
10004,10004 - Battery/Governors Island,0,0,0,0,0,0,2,0,0,0,0,1,3,0,0,0,0,0,0,0,0,15,1,1,0,39,7,7,17,10,2,3,2,1,4,0,2,2
10005,10005 - Wall Street,0,0,0,0,0,2,8,0,0,0,0,0,5,0,0,0,0,0,1,0,0,3,0,1,0,33,1,0,13,3,4,0,1,0,1,0,1,1
10006,10006 - Trinity,0,0,0,0,3,0,7,0,0,0,0,1,3,0,0,0,0,0,1,0,0,10,0,1,0,14,1,0,8,2,1,0,6,2,1,0,0,4
10007,10007 - City Hall,0,1,1,1,4,0,17,0,0,0,0,3,3,0,1,0,0,0,6,1,0,17,16,4,0,51,1,4,60,13,1,3,3,3,2,0,12,4
10009,10009 - East Village/Stuyvesant Town,7,10,11,33,339,10,140,9,0,1,1,13,0,0,5,2,0,2,23,0,0,21,5,37,11,4,6,14,60,96,2,6,103,13,4,228,123,3
10010,10010 - Madison Square/Cooper Village,5,4,1,0,36,27,79,0,0,0,0,14,16,1,0,0,4,1,17,0,0,29,39,8,3,121,5,6,53,45,0,0,4,16,4,35,53,2
10011,10011 - Chelsea,125,88,85,111,192,73,132,15,0,0,1,25,21,0,2,0,3,5,43,0,0,93,75,27,10,83,12,10,182,199,5,4,13,38,7,138,261,4
10012,10012 - Village/Noho/Soho,13,16,16,14,243,17,60,4,0,0,1,17,10,0,2,1,0,2,51,1,0,77,62,11,1,77,2,1,122,133,0,0,12,14,2,37,146,7
10013,10013 - Tribeca/Chinatown,37,8,7,6,234,3,71,14,1,0,3,45,22,0,0,0,0,0,58,0,0,152,124,17,0,180,5,13,256,178,5,9,23,11,10,26,117,12
10014,10014 - Greenwich Village,214,191,113,82,188,67,79,4,1,3,1,29,13,0,1,2,2,5,59,3,0,56,16,21,0,52,3,16,105,247,10,1,20,17,5,149,180,6
10016,10016 - Murray Hill,47,31,26,24,105,88,168,0,0,0,0,20,39,1,6,1,1,5,11,0,0,47,20,34,4,205,10,6,75,182,2,7,45,11,17,68,103,4
10017,10017 - Grand Central/United Nations,22,10,4,3,19,3,32,0,0,0,0,5,22,0,0,0,0,0,17,1,0,36,0,9,1,165,3,10,39,28,4,9,8,2,9,5,26,1
10018,10018 - Garment District,0,0,0,0,24,0,14,14,0,2,0,44,36,0,2,0,0,1,25,2,0,43,77,9,2,187,5,1,15,29,6,17,28,3,3,26,21,2
10019,10019 - Midtown/Clinton,4,4,4,13,165,5,112,13,0,0,1,35,44,2,2,1,1,21,15,1,0,58,8,19,3,135,13,4,80,65,9,6,37,14,6,122,76,5
10020,10020 - Rockefeller Center,0,0,0,0,0,0,0,0,0,0,0,0,0,0,0,0,0,0,0,0,0,2,0,0,0,6,0,0,2,0,0,0,0,0,0,0,0,0
10021,10021 - Lenox Hill,189,59,16,5,151,80,114,0,0,0,1,10,7,5,6,1,4,0,6,2,0,30,0,19,3,42,7,0,64,76,6,6,2,23,8,70,171,5
10022,10022 - Sutton Place/Beekman Place,48,22,16,10,102,36,88,0,0,0,0,8,25,0,0,0,0,1,22,2,0,122,5,15,1,170,8,5,71,103,9,5,32,8,12,27,124,3
10023,10023 - Lincoln Center/Ansonia,61,30,21,31,186,331,125,0,0,0,0,2,11,0,2,1,0,6,7,0,0,6,0,30,1,26,8,8,86,36,0,2,4,26,1,26,184,0
10024,10024 - Upper West Side,109,113,54,99,237,378,159,2,0,0,0,12,16,0,0,1,2,2,8,0,0,11,0,28,3,5,6,5,83,28,0,0,10,35,4,23,328,0
10025,10025 - Cathedral,59,57,42,53,221,147,271,1,0,0,0,16,46,3,4,2,2,2,17,0,0,11,1,36,12,9,2,9,91,11,0,6,31,40,3,144,245,2
10026,"10026 - Central Harlem, South",11,69,122,58,175,74,108,0,0,0,0,9,3,0,2,0,1,0,7,0,0,6,2,25,4,6,5,6,73,13,0,0,44,8,2,147,48,4
10027,10027 - Manhattanville,55,214,269,225,270,205,156,18,3,0,3,44,6,0,5,4,3,2,47,1,0,37,11,106,13,26,13,23,65,66,4,1,143,40,6,117,58,2
10028,10028 - Yorkville,109,44,19,16,341,45,134,0,0,0,1,6,1,0,1,1,1,0,13,0,0,18,3,15,2,11,6,1,50,97,3,0,3,14,4,57,188,3
10029,"10029 - East Harlem, South",22,14,71,63,402,22,132,11,0,3,1,68,4,5,6,1,7,0,67,0,1,57,9,56,12,17,8,19,43,182,1,4,126,30,4,111,39,0
10030,"10030 - Central Harlem, Middle",87,124,91,92,231,84,66,0,0,0,0,11,1,0,0,1,0,2,9,0,0,4,0,32,4,7,4,14,40,45,0,1,52,9,4,101,15,0
10031,10031 - Hamilton Heights,108,215,112,148,294,125,206,3,0,0,0,11,5,0,3,4,1,2,21,0,0,5,1,44,6,8,7,12,31,39,0,6,32,18,4,40,101,2
10032,10032 - South Washington Heights,33,89,54,34,297,20,183,1,0,0,0,29,1,15,9,0,4,0,21,0,0,8,0,23,5,5,10,7,8,16,0,1,33,10,7,44,50,1
10033,10033 - Washington Heights,10,27,12,14,263,20,159,1,0,0,0,34,2,0,2,0,3,0,37,0,0,20,0,29,2,10,2,8,5,16,3,1,28,20,2,3,47,1
10034,10034 - Inwood,9,11,9,18,200,0,67,5,1,0,2,48,0,2,0,0,1,0,44,0,0,6,0,11,0,9,3,17,3,1,2,13,20,10,5,4,36,3
10035,"10035 - East Harlem, Middle",20,48,206,81,122,76,88,27,3,0,6,87,3,2,3,5,8,0,30,1,1,37,23,52,7,36,2,37,34,90,9,5,154,20,9,148,20,16
10036,10036 - Theatre District/Clinton,8,9,9,16,128,8,53,13,0,0,2,63,58,0,0,3,6,37,14,2,0,96,17,16,5,130,5,5,48,80,6,3,27,7,7,107,57,3
10037,"10037 - East Harlem, North",6,15,24,43,57,15,35,4,0,0,0,10,0,2,1,2,0,0,10,0,0,8,2,18,6,0,7,9,11,17,0,0,24,3,1,28,22,2
10038,10038 - South St. Seaport/Chinatown,3,2,3,5,28,0,37,1,0,0,0,15,13,1,0,0,0,0,8,2,0,40,18,11,1,46,0,6,48,21,4,6,9,9,4,3,10,11
10039,"10039 - Central Harlem, North",0,0,0,2,140,1,34,0,0,0,0,15,1,0,1,0,0,0,4,0,0,4,0,9,4,4,0,10,7,1,5,2,23,2,2,30,9,0
10040,10040 - North Washington Heights,2,3,4,1,193,2,94,1,0,0,0,8,0,0,1,3,0,0,29,0,0,16,0,9,0,2,1,5,3,6,0,3,10,10,1,0,22,0
10044,10044 - Roosevelt Island,0,0,0,0,0,0,3,0,0,0,0,0,0,2,0,0,0,0,0,0,0,0,0,0,0,0,0,0,5,0,0,0,3,0,0,0,3,0
10128,10128 - Yorkville,172,73,20,9,323,41,119,3,0,0,2,16,2,0,0,1,1,0,11,0,0,13,7,26,1,9,8,5,46,59,1,0,7,33,2,104,215,0
10280,10280 - Battery Park City,0,0,0,0,0,0,3,0,0,0,0,0,0,0,0,0,0,0,0,0,0,0,0,0,0,0,1,0,15,0,0,0,0,1,1,0,0,1
10301,10301 - New Brighton/Grymes Hill,3921,1847,228,166,40,33,28,8,2,1,3,128,2,0,5,9,3,1,54,0,3,39,0,27,6,79,10,46,12,200,4,12,483,38,14,0,15,30
10302,10302 - Port Richmond,2307,1328,38,29,12,11,2,32,4,2,4,79,0,0,2,2,6,0,100,0,10,33,0,24,3,43,5,3,3,136,2,24,236,4,7,1,0,26
10303,10303 - Mariners Harbour/Point Ivory,3272,1253,38,31,6,7,3,54,4,1,13,77,0,0,1,2,3,2,35,1,6,26,0,15,0,30,3,22,15,53,10,67,356,9,4,0,0,30
10304,10304 - Stapleton/Fox Hills,6068,1568,124,67,21,15,17,40,1,2,1,93,0,1,1,6,3,0,64,0,1,47,0,33,3,75,14,46,12,155,0,28,498,22,7,1,8,13
10305,10305 - Rosebank,6553,2311,164,56,21,13,6,15,1,7,1,134,3,3,2,3,2,0,147,0,5,62,0,10,1,94,9,45,21,121,4,43,862,17,11,0,4,19
10306,10306 - New Dorp/Richmondtown,11778,2914,96,55,13,15,4,4,0,1,0,107,1,0,3,3,1,0,162,0,8,62,0,18,8,122,13,72,18,119,1,27,1118,23,12,0,2,17
10307,10307 - Tottenville,2227,1380,13,9,2,1,1,8,0,0,1,30,0,0,0,1,0,0,21,0,3,18,0,11,1,10,3,40,3,31,0,30,317,4,6,0,0,12
10308,10308 - Great Kills,5822,1842,24,8,3,4,0,2,0,0,0,32,0,0,0,0,1,0,62,0,4,35,0,7,1,26,7,52,13,44,13,16,244,9,5,0,2,6
10309,10309 - Princes Bay/Woodrow,5261,2957,12,0,0,2,0,85,1,3,8,100,2,1,2,0,2,0,56,1,17,30,0,10,5,53,7,265,11,46,4,13,707,10,6,0,0,51
10310,10310 - West New Brighton,3723,1408,48,71,12,8,2,27,2,1,16,150,0,1,2,3,1,0,70,0,2,47,0,30,2,72,5,17,7,119,7,7,173,11,8,2,1,27
10312,10312 - Eltingville/Annadale,13319,3903,24,12,2,2,0,1,0,0,0,54,0,0,1,0,0,0,44,0,11,25,0,20,3,77,6,337,14,74,0,27,854,15,15,0,0,16
10314,10314 - Castleton Corners/New Springvill,12445,6308,104,21,9,11,2,63,4,0,3,95,6,2,1,9,3,0,153,5,26,39,0,44,3,127,9,71,67,125,3,19,530,29,29,0,0,17
10451,10451 - Melrose,48,67,194,16,94,0,86,61,17,3,22,105,2,1,3,0,1,1,64,0,3,33,2,29,0,43,2,20,10,71,4,26,137,28,9,26,16,17
10452,10452 - Highbridge,74,224,188,24,216,1,219,14,2,0,2,143,2,1,7,1,0,0,96,0,0,12,0,32,5,7,5,54,3,28,0,8,118,21,7,0,24,14
10453,10453 - Morris Heights,161,691,249,54,222,15,235,10,0,0,2,85,0,1,4,2,0,0,93,0,0,12,0,27,7,14,8,43,3,36,0,4,66,29,6,2,16,7
10454,10454 - Mott Haven/Port Morris,218,360,143,14,198,7,73,96,28,3,55,127,1,1,2,0,1,0,46,1,0,19,1,32,4,15,3,24,3,53,5,26,91,17,4,27,3,36
10455,10455 - The Hub/Longwood,140,387,322,38,187,5,74,49,3,0,12,122,1,0,2,0,2,0,90,3,0,39,2,30,15,27,2,22,8,43,0,9,79,17,6,36,13,7
10456,10456 - Morrisania,292,548,551,79,422,4,144,33,8,2,11,164,0,2,7,4,0,0,75,0,0,12,2,79,17,5,10,43,13,83,0,4,185,27,4,18,27,22
10457,10457 - Tremont/East Tremont,328,671,497,50,323,6,168,60,20,6,21,208,4,5,7,4,2,0,98,0,0,34,1,78,14,20,6,38,3,88,0,10,157,37,13,7,41,35
10458,10458 - Belmont/Fordham/Bedford Park,230,602,391,73,574,5,170,14,5,2,1,132,3,1,2,2,2,0,126,3,0,52,0,41,10,24,5,23,4,135,0,8,67,21,8,5,28,9
10459,10459 - Longwood/Morrisania,350,680,449,91,208,15,102,20,6,1,3,107,4,0,7,2,1,1,75,0,0,17,0,61,13,4,6,30,15,81,0,3,134,18,4,59,27,9
10460,10460 - West Farms/Crotona,237,877,562,130,240,15,131,28,18,1,6,134,1,0,1,3,1,0,72,0,2,18,1,37,10,14,7,46,4,64,0,15,149,20,8,2,25,14
10461,10461 - Westchester/Morris Park,2181,2741,909,277,128,11,54,52,20,8,15,219,1,7,4,4,6,0,157,0,0,61,0,23,6,110,11,11,7,192,0,22,223,21,6,1,8,15
10462,10462 - Parkchester/Van Nest,687,1984,693,175,128,5,73,33,9,4,1,154,0,0,1,2,2,0,142,0,0,30,0,37,3,40,11,13,8,193,0,16,161,19,15,0,25,13
10463,10463 - Kingsbridge (full),,,,,,,,,,,,,,,,,,,,,,,,,,,,,,,,,,,,,,
10464,10464 - City Island,808,253,38,19,6,0,2,8,1,2,1,27,0,0,0,0,0,0,27,0,0,12,0,7,1,7,6,19,5,46,4,1,146,2,4,0,4,24
10465,10465 - Throgs Neck/Country Club,3830,2890,544,83,7,1,8,16,2,0,0,83,1,0,1,1,1,1,61,0,1,17,0,16,4,38,17,24,26,57,0,3,338,12,20,0,2,51
10466,10466 - Wakefield,2773,3806,1233,245,128,3,40,34,12,2,8,174,2,1,3,2,0,0,130,0,1,25,0,45,8,29,6,8,1,104,0,8,325,20,13,1,4,20
10467,10467 - Norwood/Williamsbridge,578,1682,728,236,317,3,234,14,1,1,1,99,2,15,14,8,10,0,167,0,0,38,0,57,7,43,6,15,9,174,0,6,138,29,7,1,29,12
10468,10468 - University Heights,218,333,144,29,315,6,168,15,0,0,1,56,3,1,0,7,1,1,83,0,0,17,0,25,6,10,1,29,2,43,0,8,39,22,4,11,22,2
10469,10469 - Williamsbridge/Baychester,4292,4905,960,144,47,2,7,14,5,1,2,173,4,0,1,10,2,0,116,0,2,30,0,49,9,35,7,8,4,137,1,22,302,15,13,1,1,9
10470,10470 - Woodlawn/Wakefield,686,907,243,53,58,3,21,24,8,3,1,71,1,0,0,0,0,0,37,0,0,23,0,15,3,13,2,10,0,49,0,13,74,3,3,0,8,5
10471,10471 - Riverdale/Fieldston,1251,398,112,9,17,1,19,0,0,0,0,26,2,0,0,6,1,0,31,0,1,7,0,15,7,11,4,13,4,22,0,4,321,27,7,0,33,3
10472,10472 - Soundview,362,1541,1042,696,142,3,62,13,1,0,2,99,0,0,3,2,1,0,96,0,0,15,0,32,1,7,3,6,1,75,0,6,83,12,2,0,9,7
10473,10473 - Clasons Point,1320,2071,693,49,20,5,32,19,2,1,3,92,0,0,2,1,0,0,42,0,3,10,0,22,6,8,6,48,9,44,0,3,225,11,16,0,7,7
10474,10474 - Hunts Point,6,206,125,36,50,1,21,164,102,4,42,159,0,0,0,0,0,0,18,0,0,9,0,9,5,10,2,9,1,8,1,14,115,7,7,15,4,70
10475,10475 - Co-op City/Eastchester,173,188,89,3,0,0,5,43,0,3,0,65,3,0,0,2,1,0,18,1,4,11,0,4,5,8,0,10,1,9,0,7,147,4,5,0,3,8
11370,11370 - Jackson Heights-Rikers Island (Bronx only),1184,1594,1073,52,8,2,2,4,2,0,0,25,5,0,0,0,0,0,14,0,2,10,0,5,2,8,1,13,14,39,7,0,26,3,4,0,1,6
11001,11001 - Floral Park,988,165,24,0,0,1,0,1,0,0,0,16,1,0,0,0,0,0,6,0,0,5,0,0,0,3,0,0,0,6,0,1,25,1,0,0,0,0
11004,11004 - Glen Oaks,2247,90,26,0,0,0,1,0,0,0,0,5,0,1,1,1,0,0,23,0,1,8,0,7,0,18,3,4,0,21,0,3,15,2,1,0,16,0
11005,11005 - North Shore Towers,0,0,0,0,0,0,0,0,0,0,0,0,0,0,0,0,0,0,0,0,0,0,0,0,0,0,0,0,0,0,0,0,0,0,0,0,1,0
11040,11040 - New Hyde Park,520,41,1,0,0,0,0,0,0,0,0,3,0,0,0,1,0,0,9,0,0,2,0,1,1,3,0,0,0,5,0,0,6,0,0,0,3,0
11101,11101 - Long Island City/Hunters Point,107,378,185,208,117,5,47,369,269,8,261,383,33,1,1,0,2,9,57,0,3,76,11,23,2,141,10,14,40,211,1,53,203,25,17,10,0,31
11102,11102 - Old Astoria,156,892,603,331,261,3,78,39,16,0,16,98,0,3,0,1,3,0,31,0,0,23,0,20,1,23,13,18,30,242,1,10,64,4,3,6,3,12
11103,11103 - Astoria,399,1180,1044,635,311,1,33,51,20,2,6,76,1,0,0,0,0,0,122,0,0,113,0,12,0,50,9,2,13,363,0,6,52,6,7,6,6,3
11104,11104 - Sunnyside,411,548,221,172,101,1,54,8,6,0,4,68,1,0,0,0,0,0,40,0,0,15,0,7,0,8,1,4,12,70,0,0,31,5,1,0,35,0
11105,11105 - Steinway,971,2409,958,284,120,29,9,84,27,0,5,84,0,0,1,0,0,0,62,0,2,44,0,17,0,32,8,10,6,269,0,26,64,7,5,0,1,13
11106,11106 - Ravenswood,201,928,559,376,236,2,57,79,50,0,53,113,1,1,4,1,1,2,51,0,1,61,0,18,2,28,7,10,20,225,0,3,55,14,3,12,8,11
11201,11201 - Brooklyn Heights/Cobble Hill,371,470,324,235,333,5,89,32,1,2,22,96,17,4,12,2,0,3,72,3,0,129,15,37,5,101,7,41,160,373,18,20,90,40,14,0,256,16
11203,11203 - East Flatbush,3827,4254,900,543,154,4,43,70,13,5,16,206,1,7,4,5,1,0,145,0,0,56,0,80,1,34,11,7,13,409,0,1,117,49,8,1,7,25
11204,11204 - Parkville/Bensonhurst,2062,4180,1270,828,138,0,51,30,5,4,4,48,0,0,1,2,2,0,132,1,0,89,0,82,1,50,7,3,145,658,0,23,80,57,5,1,15,8
11205,11205 - Fort Greene,107,576,528,319,153,28,73,127,22,3,77,185,1,2,6,2,0,0,50,0,0,21,3,47,2,25,6,7,185,326,0,0,252,34,7,18,37,32
11206,11206 - Williamsburg/Bedford-Stuyvesant,93,925,706,486,315,9,117,173,63,12,93,257,6,1,8,2,5,0,92,1,0,82,17,70,1,31,2,30,216,448,0,6,254,35,6,32,23,134
11207,11207 - East New York,2105,4151,1612,708,168,15,48,118,32,6,78,471,5,0,9,6,5,0,113,0,6,82,0,128,33,30,9,75,16,575,0,45,538,43,14,94,6,145
11208,11208 - Cypress Hills,1765,5205,1629,485,126,16,13,110,48,5,22,299,3,0,10,5,4,1,90,1,0,64,0,89,5,16,7,46,6,558,0,17,507,30,19,4,3,85
11209,11209 - Bay Ridge,2949,2901,504,263,184,3,101,2,0,0,0,67,2,0,1,2,0,0,57,10,1,83,0,35,5,81,7,6,47,938,0,2,73,23,10,0,107,1
11210,11210 - Vanderveer,5150,1995,309,33,74,1,71,29,1,0,7,68,1,2,5,1,2,0,78,0,1,60,0,66,4,46,4,3,7,377,0,19,86,35,8,1,27,9
11211,11211 - Williamsburg,173,839,1030,653,419,3,163,129,24,8,67,183,3,0,5,2,5,1,67,0,0,80,0,96,6,42,12,24,229,901,2,2,146,35,11,67,61,41
11212,11212 - Brownsville,1588,1466,498,1289,234,5,65,63,5,1,35,143,1,1,4,3,6,0,168,0,1,134,0,76,11,22,9,37,2,361,0,17,258,33,7,8,5,44
11213,11213 - Brower Park/Crown Heights,695,1978,549,326,407,22,86,19,2,1,6,93,4,3,5,0,1,0,55,0,3,39,0,102,6,15,5,15,24,431,0,2,119,31,8,1,24,18
11214,11214 - Bath Beach/Bensonhurst,1016,3857,2136,777,169,1,59,22,0,3,2,128,1,0,2,3,2,1,197,0,1,114,0,29,5,43,15,15,129,548,1,0,178,22,7,0,32,13
11215,11215 - Park Slope/Windsor Terrace,857,3102,1590,665,619,5,43,126,24,4,66,170,4,2,8,0,3,1,66,0,0,70,2,51,4,43,12,15,258,743,0,11,131,26,11,8,352,27
11216,11216 - Bedford-Stuyvesant,361,1808,1239,682,618,94,59,16,6,0,23,89,3,0,4,7,4,1,82,0,0,58,1,78,7,22,9,8,49,525,0,0,194,19,5,10,32,18
11217,11217 - Park Slope/Gowanus,223,1024,718,344,249,77,22,55,12,1,51,99,6,1,3,4,3,4,50,0,1,45,7,39,7,39,6,34,146,489,0,3,89,17,12,6,153,15
11218,11218 - Kensington/Windsor Terrace,1377,2658,937,383,126,3,80,55,11,5,18,141,2,0,2,6,2,0,104,0,0,48,0,39,5,27,11,13,93,534,0,3,77,37,11,0,72,22
11219,11219 - Borough Park,407,3081,1989,607,176,0,73,104,11,15,37,126,3,5,3,4,5,0,99,0,1,157,1,132,7,106,9,5,394,844,0,22,158,74,3,2,19,14
11220,11220 - Sunset Park,602,3986,1296,818,349,4,26,166,13,18,24,156,1,1,10,1,3,1,78,0,0,129,0,60,10,59,11,19,67,956,2,18,94,22,7,16,28,9
11221,11221 - Bushwick/Bedford-Stuyvesant,391,3930,1976,809,436,14,59,37,2,1,25,187,3,0,3,3,11,0,74,0,0,44,4,118,7,15,9,21,20,546,0,2,353,29,7,1,28,53
11222,11222 - Greenpoint,182,1014,976,763,440,2,26,315,82,10,136,193,2,0,1,0,0,16,53,0,2,26,9,35,3,45,12,9,90,602,2,5,67,6,6,84,20,76
11223,11223 - Gravesend/Homecrest,2487,4364,1405,372,66,3,58,26,9,1,15,124,0,0,6,1,1,1,198,0,0,82,0,45,2,75,19,10,45,638,0,19,232,36,3,1,19,18
11224,11224 - Coney Island,1214,509,163,126,33,7,70,17,4,0,9,156,0,0,2,4,2,0,58,0,1,22,0,22,6,8,28,19,13,88,2,14,225,9,11,1,9,26
11225,11225 - Crown Heights,1200,1163,254,161,258,9,135,12,1,0,5,46,0,0,3,0,1,0,32,0,0,28,0,32,3,17,2,4,30,394,0,12,68,30,8,1,20,5
11226,11226 - Flatbush,1124,1359,675,169,403,8,291,15,2,0,4,84,0,0,4,3,5,1,146,1,0,125,0,69,7,29,7,4,14,672,0,18,60,24,4,0,37,4
11228,11228 - Dyker Heights,2419,3513,1078,162,33,0,3,0,0,1,4,34,0,1,1,1,0,0,35,0,0,44,0,12,3,33,5,3,41,375,0,0,41,10,2,1,5,0
11229,11229 - Homecrest/Madison,6184,3558,477,111,63,3,109,3,1,0,0,138,0,0,9,3,2,0,166,0,0,97,0,53,4,110,23,24,64,362,1,9,387,31,28,1,48,43
11230,11230 - Midwood,3231,2432,608,185,132,1,155,16,8,2,11,84,1,0,5,8,2,1,140,0,0,63,0,79,8,62,5,9,53,454,0,30,118,48,5,0,61,10
11231,11231 - Carroll Gardens/Red Hook,251,850,979,735,208,10,19,174,12,2,105,213,2,0,3,0,2,1,31,0,1,17,3,23,2,32,5,30,124,501,5,5,315,11,24,1,79,82
11232,11232 - Industry City/Sunset Park,124,854,422,277,156,1,8,289,40,42,43,149,9,0,4,0,1,1,35,0,0,53,5,14,1,40,5,5,33,225,7,16,41,12,4,9,28,20
11233,11233 - Stuyvesant Heights,191,3290,2001,647,365,6,41,20,3,2,11,177,2,2,2,2,1,0,43,0,0,31,0,119,8,8,4,39,33,453,0,3,430,22,7,8,15,41
11234,11234 - Flatlands/Mill Basin,10564,6406,930,43,12,3,7,36,2,1,14,176,0,1,3,2,1,0,207,0,7,94,0,35,2,117,12,31,19,273,5,10,240,17,11,0,16,42
11235,11235 - Sheepshead Bay/Brighton Beach,2104,3179,857,196,55,46,119,10,1,1,3,76,4,1,3,9,0,2,205,0,1,87,0,34,1,128,12,25,173,304,4,12,203,29,7,0,75,18
11236,11236 - Canarsie,2918,8813,1462,119,14,0,9,104,14,3,25,200,0,0,4,13,5,0,125,0,11,46,0,54,1,62,7,35,28,209,0,40,233,31,12,0,3,56
11237,11237 - Bushwick,114,788,539,1336,214,1,19,170,67,7,65,165,1,1,5,0,0,2,72,0,0,48,7,24,4,18,2,18,24,518,0,12,60,13,14,2,2,83
11238,11238 - Prospect Heights,207,1095,871,540,443,66,93,39,9,1,45,171,4,0,5,5,5,2,54,0,0,30,7,76,4,15,10,42,151,465,1,15,275,21,5,23,131,22
11239,11239 - Starrett City,178,123,19,0,0,0,9,0,0,0,0,7,0,0,1,1,0,0,12,0,1,0,0,0,0,0,0,0,2,0,0,0,24,2,0,0,0,0
11354,11354 - Flushing,2080,982,620,54,72,7,59,111,15,2,20,143,18,1,1,9,0,2,208,1,5,166,0,54,3,71,10,18,97,154,5,8,146,18,15,0,39,12
11355,11355 - Flushing/Murray Hill,2628,2442,639,68,68,2,119,17,8,3,2,102,0,2,2,3,1,0,103,0,0,53,0,60,6,45,5,10,102,189,0,3,102,13,4,1,51,8
11356,11356 - College Point,1435,2165,292,81,6,2,0,78,76,4,29,77,1,0,0,0,0,1,36,0,8,32,0,13,1,26,10,22,16,105,1,6,194,7,8,0,0,14
11357,11357 - Whitestone,6705,1991,287,43,4,1,1,10,10,0,7,79,1,0,0,2,3,0,77,0,2,45,0,16,0,43,8,12,7,64,1,5,242,10,9,0,55,5
11358,11358 - Auburndale,5409,1838,435,105,58,4,5,9,2,0,1,65,0,0,0,2,0,0,132,0,1,49,0,31,3,56,8,7,16,216,0,7,96,10,8,0,21,3
11360,11360 - Bay Terrace,1490,686,160,39,0,0,4,0,0,0,0,3,0,1,0,0,0,0,0,0,4,0,0,6,0,8,3,14,6,21,0,1,37,2,1,0,21,0
11361,11361 - Bayside,3910,1487,307,57,24,18,1,5,0,0,2,71,3,0,0,1,4,0,103,0,2,37,0,30,6,56,3,12,7,97,0,10,94,11,5,0,20,6
11362,11362 - Little Neck,2721,338,22,13,0,1,0,0,0,0,0,12,0,0,1,2,0,0,25,0,2,11,0,11,1,24,4,12,11,48,1,3,120,3,2,0,18,0
11363,11363 - Douglaston,1638,171,44,16,2,0,2,0,0,0,0,36,0,0,0,0,0,0,13,0,0,3,0,4,0,9,2,52,2,19,0,9,144,4,3,0,4,4
11364,11364 - Oakland Gardens/Bayside Hill,4530,1149,95,1,0,6,0,1,0,1,0,6,0,0,0,2,1,0,26,0,1,11,0,19,0,17,2,28,5,30,0,2,44,10,3,0,27,2
11365,11365 - Fresh Meadows,4608,1150,280,21,9,9,8,7,0,0,1,21,2,0,2,0,0,0,23,1,1,10,0,14,1,38,2,8,25,38,0,4,59,9,3,0,8,4
11366,11366 - Utopia/Fresh Meadows,2737,699,18,29,0,6,0,0,0,0,0,11,0,1,0,2,0,0,53,0,0,10,0,12,0,16,1,1,3,24,0,5,15,7,2,0,1,2
11367,11367 - Kew Garden Hills,3494,753,203,14,1,24,5,0,0,0,0,47,0,0,0,0,0,0,43,0,2,7,0,24,1,18,2,2,3,46,0,0,37,24,0,0,43,2
11368,11368 - Corona,608,2356,2195,899,196,6,46,52,17,4,26,241,4,0,3,2,1,0,172,0,0,140,0,72,4,26,7,17,70,547,0,6,160,13,6,0,13,38
11369,11369 - East Elmhurst,2064,2216,511,96,14,3,1,5,4,0,4,67,8,0,2,2,0,0,30,0,0,31,0,24,2,10,4,7,1,70,0,0,128,7,3,0,4,12
11370,11370 - Jackson Heights-Rikers Island(Queens only),0,0,0,0,0,0,0,0,0,0,0,0,0,0,0,0,0,0,0,0,0,0,0,0,0,0,0,0,0,0,0,0,0,0,0,0,0,0
11372,11372 - Jackson Heights,569,727,329,117,109,3,101,4,0,0,0,22,0,0,2,1,3,0,241,0,0,67,0,15,0,64,2,3,14,169,0,2,11,11,2,0,166,1
11373,11373 - Elmhurst,1514,1881,2204,280,136,9,105,13,3,3,3,100,4,1,3,1,3,1,143,1,8,55,0,44,3,52,6,13,90,274,2,9,132,18,9,0,45,3
11374,11374 - Rego Park,1811,813,204,28,12,1,71,3,0,0,1,24,1,0,0,1,1,0,86,1,1,14,0,12,1,27,3,4,28,61,0,10,33,9,1,0,53,2
11375,11375 - Forest Hills,4670,1064,154,39,39,2,88,4,0,0,0,104,1,2,1,4,0,2,100,0,2,42,0,26,3,39,10,6,32,160,0,8,107,21,5,1,142,1
11377,11377 - Woodside,1749,2618,1542,516,160,2,62,157,105,0,22,290,6,0,1,2,1,0,124,0,4,59,0,59,1,50,7,26,35,273,0,41,191,17,9,0,32,25
11378,11378 - Maspeth,2487,3250,723,182,20,1,3,281,95,7,27,258,3,0,0,2,0,0,38,0,0,34,0,15,1,50,7,28,7,290,0,17,259,13,7,0,2,39
11379,11379 - Middle Village,4350,2939,803,61,24,3,2,16,11,2,8,67,0,0,0,1,0,0,44,0,1,34,0,11,0,28,6,11,18,121,0,14,89,8,6,0,1,17
11385,11385 - Ridgewood/Glendale,0,0,0,0,0,0,0,0,0,0,0,0,0,0,0,0,0,0,0,0,0,0,0,0,0,0,0,0,0,0,0,0,0,0,0,0,0,0
11411,11411 - Cambria Heights,4587,621,9,2,0,3,0,0,0,0,0,10,0,0,3,0,0,0,42,0,0,6,0,19,0,9,3,1,0,18,0,6,23,8,1,0,0,1
11412,11412 - St. Albans,5976,2044,59,8,9,5,1,11,1,0,2,26,0,0,4,0,0,0,62,0,0,33,0,55,0,18,6,2,0,248,0,5,134,13,7,0,0,3
11413,11413 - Springfield Gardens/Laurelton,6491,2557,87,9,4,5,0,46,1,2,0,74,0,0,0,1,0,0,67,0,1,10,0,37,1,14,2,7,0,57,0,37,294,10,5,0,1,9
11414,11414 - Howard Beach,3504,1362,186,33,2,0,0,2,0,0,0,82,2,0,1,1,0,0,37,0,3,23,0,7,1,19,2,60,14,52,0,17,487,6,21,0,20,19
11415,11415 - Kew Gardens,617,227,159,29,30,1,41,4,0,0,0,23,0,0,1,0,0,0,10,0,0,8,0,9,2,12,0,3,11,38,0,8,27,5,2,1,28,4
11416,11416 - Ozone Park/Woodhaven,0,0,0,0,0,0,0,0,0,0,0,0,0,0,0,0,0,0,0,0,0,0,0,0,0,0,0,0,0,0,0,0,0,0,0,0,0,0
11417,11417 - Ozone Park,2342,2388,305,78,14,0,0,23,5,0,8,107,4,0,0,0,0,0,44,0,4,64,0,8,0,18,2,33,7,174,0,49,216,6,10,0,0,12
11418,11418 - Richmond Hill,1665,2027,465,110,41,2,12,59,46,1,4,93,0,1,7,18,2,0,60,0,0,63,0,25,3,42,8,1,9,357,0,38,62,16,4,0,10,9
11419,11419 - South Richmond Hill,3234,2958,412,65,18,3,1,16,4,1,5,70,0,0,1,0,0,0,103,0,1,111,0,32,2,51,3,2,0,387,0,1,77,4,2,0,1,8
11420,11420 - South Ozone Park,4936,3492,187,29,6,1,0,8,0,0,3,77,2,0,1,0,0,0,48,0,1,43,0,38,3,23,4,11,2,191,0,14,214,16,2,0,0,12
11421,11421 - Woodhaven,2553,2563,467,59,29,6,6,5,1,0,3,45,0,0,0,0,1,0,45,0,0,44,0,12,2,19,6,2,2,317,0,14,42,5,2,1,4,4
11422,11422 - Rosedale,3821,2284,209,1,0,1,0,8,0,0,1,50,1,0,1,0,0,0,57,0,0,24,0,10,0,12,4,31,3,44,1,9,211,8,7,0,3,29
11423,11423 - Hollis/Holliswood,3442,1114,153,20,10,9,15,21,1,2,0,53,0,1,5,2,1,0,37,0,1,19,0,24,2,18,1,2,1,157,0,9,81,8,4,0,6,4
11426,11426 - Bellerose,3501,686,38,6,0,1,1,5,0,0,0,21,1,1,1,0,1,0,42,0,1,13,0,9,0,18,3,1,1,39,0,1,78,6,1,0,6,0
11427,11427 - Queens Village/Creedmoor,3238,729,88,7,2,18,1,0,0,0,0,17,0,4,1,2,0,0,14,0,1,17,0,8,0,5,1,7,0,53,0,2,44,4,1,0,9,0
11428,11428 - Queens Village,3208,677,38,7,5,5,2,2,0,0,2,33,1,0,1,0,0,0,29,0,1,48,0,25,0,32,2,0,0,167,0,2,35,6,3,0,1,1
11429,11429 - Queens Village (South),4100,1194,37,28,2,4,1,11,5,2,4,70,1,0,1,0,1,0,43,0,0,14,0,25,2,11,5,4,0,97,1,9,105,6,5,0,0,3
11430,11430 - JFK Airport,0,0,0,0,0,0,0,0,0,0,0,3,2,0,0,0,0,0,0,0,0,0,0,0,1,0,0,2,0,0,0,2,5,0,1,0,0,0
11432,11432 - Jamaica/Hillcrest,3687,1460,406,33,46,4,82,2,0,0,1,80,4,3,4,5,3,0,171,2,1,95,0,60,7,69,5,7,15,232,0,7,117,30,10,0,24,5
11433,11433 - South Jamaica,2986,2108,224,29,3,3,9,81,16,1,20,198,2,0,1,1,1,0,40,0,1,30,0,83,4,12,6,8,5,125,1,41,280,18,8,0,3,36
11434,11434 - Rochdale/Baisley Park,6056,3480,53,6,2,8,8,122,4,3,3,205,12,1,2,2,2,0,92,0,0,54,0,61,9,41,9,15,3,128,0,37,360,18,15,0,3,25
11435,11435 - Jamaica Hills/South Jamaica,2266,2105,501,84,66,12,64,63,21,3,15,166,7,0,6,3,2,0,93,0,0,78,0,55,8,56,5,7,7,247,0,9,180,15,3,1,24,47
11436,11436 - South Ozone Park,2834,1277,24,5,0,1,0,3,0,0,1,30,5,0,2,0,0,0,20,0,0,7,0,17,0,1,2,7,0,64,0,16,134,6,1,0,0,3
11691,11691 - Far Rockaway,2271,2510,434,51,28,21,59,15,0,1,4,95,1,4,5,17,3,0,68,0,3,24,0,60,1,21,4,92,12,57,0,40,780,29,8,0,5,22
11692,11692 - Arverne,382,1355,125,11,1,0,5,5,2,1,3,32,0,0,0,2,3,0,13,0,0,2,0,9,0,4,8,53,4,7,0,25,222,3,7,0,2,15
11693,11693 - Hammels/Broad Channel,992,330,117,19,7,6,2,14,0,0,6,30,0,0,0,1,0,0,23,0,1,11,0,7,3,4,8,25,8,23,1,31,287,2,5,0,3,11
11694,11694 - Seaside/Belle Harbour/Neponsit,1844,1160,233,63,18,38,7,3,0,0,1,36,2,1,0,6,0,0,41,0,1,12,0,12,3,13,2,13,19,44,0,28,128,8,4,1,11,3
11697,11697 - Rockaway Point/Roxbury,3,0,0,0,0,0,0,0,0,0,0,0,0,0,0,0,0,0,0,0,0,0,0,0,0,0,0,6,0,0,0,0,3,0,2,0,0,0
,,,,,,,,,,,,,,,,,,,,,,,,,,,,,,,,,,,,,,,
Table Details,,,,,,,,,,,,,,,,,,,,,,,,,,,,,,,,,,,,,,,
Region: New York City,,,,,,,,,,,,,,,,,,,,,,,,,,,,,,,,,,,,,,,
Overall Area: New York City,,,,,,,,,,,,,,,,,,,,,,,,,,,,,,,,,,,,,,,
Areas Compared: Zip Codes,,,,,,,,,,,,,,,,,,,,,,,,,,,,,,,,,,,,,,,
Data and Sources:,,,,,,,,,,,,,,,,,,,,,,,,,,,,,,,,,,,,,,,
"One-family dwellings [  Type of Building or Land Use ] Land Use 2014, 1999 2014 from NYC Depts. of City Planning and Finance",,,,,,,,,,,,,,,,,,,,,,,,,,,,,,,,,,,,,,,
"Two-family dwellings [  Type of Building or Land Use ] Land Use 2014, 1999 2014 from NYC Depts. of City Planning and Finance",,,,,,,,,,,,,,,,,,,,,,,,,,,,,,,,,,,,,,,
"Three-family dwellings [  Type of Building or Land Use ] Land Use 2014, 1999 2014 from NYC Depts. of City Planning and Finance",,,,,,,,,,,,,,,,,,,,,,,,,,,,,,,,,,,,,,,
"4-6 family dwellings [  Type of Building or Land Use ] Land Use 2014, 1999 2014 from NYC Depts. of City Planning and Finance",,,,,,,,,,,,,,,,,,,,,,,,,,,,,,,,,,,,,,,
"Over 6 family dwellings [  Type of Building or Land Use ] Land Use 2014, 1999 2014 from NYC Depts. of City Planning and Finance",,,,,,,,,,,,,,,,,,,,,,,,,,,,,,,,,,,,,,,
"Misc. walkups [  Type of Building or Land Use ] Land Use 2014, 1999 2014 from NYC Depts. of City Planning and Finance",,,,,,,,,,,,,,,,,,,,,,,,,,,,,,,,,,,,,,,
"Elevator apartments [  Type of Building or Land Use ] Land Use 2014, 1999 2014 from NYC Depts. of City Planning and Finance",,,,,,,,,,,,,,,,,,,,,,,,,,,,,,,,,,,,,,,
"Old-law Tenements [  Type of Building or Land Use ] Land Use 2014, 1999 2014 from NYC Depts. of City Planning and Finance",,,,,,,,,,,,,,,,,,,,,,,,,,,,,,,,,,,,,,,
"Cooperatives [  Type of Building or Land Use ] Land Use 2014, 1999 2014 from NYC Depts. of City Planning and Finance",,,,,,,,,,,,,,,,,,,,,,,,,,,,,,,,,,,,,,,
"Condominium buildings [  Type of Building or Land Use ] Land Use 2014, 1999 2014 from NYC Depts. of City Planning and Finance",,,,,,,,,,,,,,,,,,,,,,,,,,,,,,,,,,,,,,,
"Multi-use residences [  Type of Building or Land Use ] Land Use 2014, 1999 2014 from NYC Depts. of City Planning and Finance",,,,,,,,,,,,,,,,,,,,,,,,,,,,,,,,,,,,,,,
"Warehouses [  Type of Building or Land Use ] Land Use 2014, 1999 2014 from NYC Depts. of City Planning and Finance",,,,,,,,,,,,,,,,,,,,,,,,,,,,,,,,,,,,,,,
"Heavy manufacture [  Type of Building or Land Use ] Land Use 2014, 1999 2014 from NYC Depts. of City Planning and Finance",,,,,,,,,,,,,,,,,,,,,,,,,,,,,,,,,,,,,,,
"Light manufacture [  Type of Building or Land Use ] Land Use 2014, 1999 2014 from NYC Depts. of City Planning and Finance",,,,,,,,,,,,,,,,,,,,,,,,,,,,,,,,,,,,,,,
"Other industrial [  Type of Building or Land Use ] Land Use 2014, 1999 2014 from NYC Depts. of City Planning and Finance",,,,,,,,,,,,,,,,,,,,,,,,,,,,,,,,,,,,,,,
"Garages & gas stations [  Type of Building or Land Use ] Land Use 2014, 1999 2014 from NYC Depts. of City Planning and Finance",,,,,,,,,,,,,,,,,,,,,,,,,,,,,,,,,,,,,,,
"Hotels [  Type of Building or Land Use ] Land Use 2014, 1999 2014 from NYC Depts. of City Planning and Finance",,,,,,,,,,,,,,,,,,,,,,,,,,,,,,,,,,,,,,,
"Hospitals [  Type of Building or Land Use ] Land Use 2014, 1999 2014 from NYC Depts. of City Planning and Finance",,,,,,,,,,,,,,,,,,,,,,,,,,,,,,,,,,,,,,,
"Health centers & clinics [  Type of Building or Land Use ] Land Use 2014, 1999 2014 from NYC Depts. of City Planning and Finance",,,,,,,,,,,,,,,,,,,,,,,,,,,,,,,,,,,,,,,
"Nursing homes [  Type of Building or Land Use ] Land Use 2014, 1999 2014 from NYC Depts. of City Planning and Finance",,,,,,,,,,,,,,,,,,,,,,,,,,,,,,,,,,,,,,,
"Misc. health facilities [  Type of Building or Land Use ] Land Use 2014, 1999 2014 from NYC Depts. of City Planning and Finance",,,,,,,,,,,,,,,,,,,,,,,,,,,,,,,,,,,,,,,
"Theatres [  Type of Building or Land Use ] Land Use 2014, 1999 2014 from NYC Depts. of City Planning and Finance",,,,,,,,,,,,,,,,,,,,,,,,,,,,,,,,,,,,,,,
"1- and 2-story store bldgs [  Type of Building or Land Use ] Land Use 2014, 1999 2014 from NYC Depts. of City Planning and Finance",,,,,,,,,,,,,,,,,,,,,,,,,,,,,,,,,,,,,,,
"Department stores [  Type of Building or Land Use ] Land Use 2014, 1999 2014 from NYC Depts. of City Planning and Finance",,,,,,,,,,,,,,,,,,,,,,,,,,,,,,,,,,,,,,,
"Shopping centers [  Type of Building or Land Use ] Land Use 2014, 1999 2014 from NYC Depts. of City Planning and Finance",,,,,,,,,,,,,,,,,,,,,,,,,,,,,,,,,,,,,,,
"Misc. store buildings [  Type of Building or Land Use ] Land Use 2014, 1999 2014 from NYC Depts. of City Planning and Finance",,,,,,,,,,,,,,,,,,,,,,,,,,,,,,,,,,,,,,,
"Loft buildings [  Type of Building or Land Use ] Land Use 2014, 1999 2014 from NYC Depts. of City Planning and Finance",,,,,,,,,,,,,,,,,,,,,,,,,,,,,,,,,,,,,,,
"Religious buildings [  Type of Building or Land Use ] Land Use 2014, 1999 2014 from NYC Depts. of City Planning and Finance",,,,,,,,,,,,,,,,,,,,,,,,,,,,,,,,,,,,,,,
"Asylums and homes [  Type of Building or Land Use ] Land Use 2014, 1999 2014 from NYC Depts. of City Planning and Finance",,,,,,,,,,,,,,,,,,,,,,,,,,,,,,,,,,,,,,,
"Office buildings [  Type of Building or Land Use ] Land Use 2014, 1999 2014 from NYC Depts. of City Planning and Finance",,,,,,,,,,,,,,,,,,,,,,,,,,,,,,,,,,,,,,,
"Places of public assembly [  Type of Building or Land Use ] Land Use 2014, 1999 2014 from NYC Depts. of City Planning and Finance",,,,,,,,,,,,,,,,,,,,,,,,,,,,,,,,,,,,,,,
"Outdoor rec facilities [  Type of Building or Land Use ] Land Use 2014, 1999 2014 from NYC Depts. of City Planning and Finance",,,,,,,,,,,,,,,,,,,,,,,,,,,,,,,,,,,,,,,
"Transportation facilities [  Type of Building or Land Use ] Land Use 2014, 1999 2014 from NYC Depts. of City Planning and Finance",,,,,,,,,,,,,,,,,,,,,,,,,,,,,,,,,,,,,,,
"Utility properties [  Type of Building or Land Use ] Land Use 2014, 1999 2014 from NYC Depts. of City Planning and Finance",,,,,,,,,,,,,,,,,,,,,,,,,,,,,,,,,,,,,,,
"Vacant land [  Type of Building or Land Use ] Land Use 2014, 1999 2014 from NYC Depts. of City Planning and Finance",,,,,,,,,,,,,,,,,,,,,,,,,,,,,,,,,,,,,,,
"Schools [  Type of Building or Land Use ] Land Use 2014, 1999 2014 from NYC Depts. of City Planning and Finance",,,,,,,,,,,,,,,,,,,,,,,,,,,,,,,,,,,,,,,
"Government installations [  Type of Building or Land Use ] Land Use 2014, 1999 2014 from NYC Depts. of City Planning and Finance",,,,,,,,,,,,,,,,,,,,,,,,,,,,,,,,,,,,,,,
"Miscellaneous [  Type of Building or Land Use ] Land Use 2014, 1999 2014 from NYC Depts. of City Planning and Finance",,,,,,,,,,,,,,,,,,,,,,,,,,,,,,,,,,,,,,,
